group_name	sample_name	i5_index	i7_index	sample_index
whole_cell	H3K27me3	GGATTGCT	AACAACAC	GGACTCCT,TAGGCATG
whole_cell	H3K27ac	GTGTGACC	ACGTATGG	GGACTCCT,TAGGCATG
whole_cell	S2S5P	cCGTCTATG	gAACATTCC	GGACTCCT,TAGGCATG
floating	H3K27me3	GGATTGCT	AACAACAC	CTCTCTAC,CAGAGAGG
floating	H3K27ac	GTGTGACC	ACGTATGG	CTCTCTAC,CAGAGAGG
floating	S2S5P	cCGTCTATG	gAACATTCC	CTCTCTAC,CAGAGAGG
nuclei	H3K27me3_1	GGATTGCT	AACAACAC	GCTACGCT,CGAGGCTG
nuclei	H3K27me3_2	GTAATGCA	AACGTCGC	GCTACGCT,CGAGGCTG
nuclei	H3K27me3_3	GTCAAGGA	AATACCGC	GCTACGCT,CGAGGCTG
nuclei	H3K27me3_4	GTGAGCGT	ACCACAGT	GCTACGCT,CGAGGCTG
nuclei	S2S5P_1	cCGTCTATG	gAACATTCC	GCTACGCT,CGAGGCTG
nuclei	S2S5P_2	tCTACCGGA	cAACCTCTT	GCTACGCT,CGAGGCTG
nuclei	S2S5P_3	aCTAGTGCG	tAACTTGGA	GCTACGCT,CGAGGCTG
nuclei	S2S5P_4	gCTCTTCTA	aAAGCGGTG	GCTACGCT,CGAGGCTG